,United States,New Mexico,"Albuquerque, NM","Las Cruces, NM","Santa Fe, NM","Farmington, NM","Gallup, NM","Hobbs, NM","Alamogordo, NM","Roswell, NM","Carlsbad, NM","Clovis, NM","Espa-Â¦ola, NM","Taos, NM","Las Vegas, NM","Silver City, NM","Grants, NM","Deming, NM","Portales, NM","Los Alamos, NM"
1/31/00,120451.3458406423,,,,,,,,,,,,,,,,,,,
2/29/00,120656.81795780425,,,,,,,,,,,,,,,,,,,
3/31/00,120911.75749241337,,,,,,,,,,,,,,,,,,,
4/30/00,121459.28003445586,,,,,,,,,,,,,,,,,,,
5/31/00,122089.50734502025,,,,,,,,,,,,,,,,,,,
6/30/00,122764.94520843396,,,,,,,,,,,,,,,,,,,
7/31/00,123479.1404515858,,,,,,,,,,,,,,,,,,,
8/31/00,124251.2388150321,,,,,,,,,,,,,,,,,,,
9/30/00,125055.37096100324,,,,,,,,,,,,,,,,,,,
10/31/00,125863.93568664398,,,,,,,,,,,,,,,,,,,
11/30/00,126669.86566260686,,,,,,,,,,,,,,,,,,,
12/31/00,127476.22077473336,,,,,,,,,,,,,,,,,,,
1/31/01,128218.75012617256,,,,,,,,,,,,,,,,,,,
2/28/01,128871.2107,,,,,,,,,,,,,,,,,,,
3/31/01,129496.16851537992,,,,,,,,,,,,,,,,,,,
4/30/01,130166.57965257228,,,,,,,,,,,,,,,,,,,
5/31/01,130892.19427845196,,,,,,,,,,,,,,,,,,,
6/30/01,131639.82146454722,,,,,,,,,,,,,,,,,,,
7/31/01,132410.03939612512,,,,,,,,,,,,,,,,,,,
8/31/01,133215.1504243034,,,,,,,,,,,,,,,,,,,
9/30/01,134026.76764488744,,,,,,,,,,,,,,,,,,,
10/31/01,134834.51726946735,,,,,,,,,,,,,,,,,,,
11/30/01,135586.66707735302,,,,,,,,,,,,,,,,,,,
12/31/01,136291.21150909664,,,,,,,,,,,,,,,,,,,
1/31/02,136915.1114174974,,,,,,,,,,,,,,,,,,,
2/28/02,137511.2809211278,,,,,,,,,,,,,,,,,,,
3/31/02,138118.2757204495,,,,,,,,,,,,,,,,,,,
4/30/02,138775.7109585878,130728.88418813449,,149542.44144390963,,,,,,,,,,,,,,,,
5/31/02,139502.19952698282,130954.73815434866,,149726.57205121312,221036.67181834276,,,,,,,,,,,,,,,
6/30/02,140290.92705372654,131050.75945143485,136671.51543254024,149830.72049815572,221470.9452857512,,,,,,,,,,,,,,,
7/31/02,141156.73020046527,131386.63605842376,136938.3070273151,150053.82649165264,222200.53009894388,,,,,,,,,,,,,,,
8/31/02,142081.56493855067,131752.1537999004,137217.54616786214,150238.98744209213,223393.7875864324,,,,,,,,,,,,,,,
9/30/02,143017.79133469638,132194.71250339845,137647.65973446367,150748.9204513867,224753.80214699436,,,,,,,,,,,,,,,
10/31/02,143954.14608419154,132586.58566691246,138029.16374599424,151282.50923186677,225863.7644,,,,,,,,,,,,,,,
11/30/02,144845.38418342845,132945.57685204688,138391.6948867972,151754.0834903246,227031.44951740175,,,,,,,,,,,,,,,
12/31/02,145711.9265012172,133261.86284024207,138744.14527715338,151884.58276804115,228006.24090259345,,,,,,,,,,,,,,,
1/31/03,146494.79111429496,133581.90973403942,139087.1533071423,152164.53408918783,228961.2177685883,,,,,,,,,,,,,,,
2/28/03,147241.91173710686,133824.36347000813,139312.8358911583,152596.69733487393,229929.75287853184,,,,,,,,,,,,,,,
3/31/03,147985.85071480004,134008.31745822766,139501.5264,152760.86292228696,231062.15000064872,,,,,,,,,,,,,,,
4/30/03,148796.07846292897,134135.21266234375,139585.6509193793,153215.23572896302,232260.4431871491,,,,,,,,,,,,,,,
5/31/03,149690.8496500967,134325.95327522172,139751.36786666806,153609.03982299205,233428.3439025907,,,,,,,,,,,,,,,
6/30/03,150625.0110166543,134695.19917633868,140045.10846212073,154482.5789454727,234502.77278735637,,,,,,,,,,,,,,,
7/31/03,151610.9195419594,135210.90465184057,140503.30411720218,155174.86690055052,235790.17568044993,,,,,,,,,,,,,,,
8/31/03,152663.17344554156,135789.42417618283,140995.23008535034,156162.77558838492,237328.64673187063,,,,,,,,,,,,,,,
9/30/03,153778.75389863833,136281.4551996322,141393.46283122295,157110.51732467447,239281.4109264587,,,,,,,,,,,,,,,
10/31/03,154906.7775624952,136783.79689935886,141818.5726374743,157998.84245896514,241189.84022072543,,,,,,,,,,,,,,,
11/30/03,155951.1000421421,137343.39102357524,142378.50422354016,158574.4921,242685.65151986212,,,,,,,,,,,,,,,
12/31/03,156931.2769211099,138084.76321734776,143196.8200276066,159149.91148135302,243701.1689327529,,,,,,,,,,,,,,,
1/31/04,157863.8327166345,138754.25308996797,143952.1303905843,159622.23952444762,244402.76876245625,,,,,,,,,,,,,,,
2/29/04,158862.0429538973,139464.01074185144,144654.46598725687,160239.63976866493,249193.1890186717,,,,,,,,,,,,,,,
3/31/04,159964.26948488483,140004.66540252764,145116.28565906858,161082.23417777996,253430.4989780935,,,,,,,,,,,,,,,
4/30/04,161194.81561251287,140528.6625694967,145590.00856156697,161943.90808034452,257441.79396028016,,,,,,,,,,,,,,,
5/31/04,162579.4534671126,141134.14371919088,146122.73889567514,163262.81508983838,259140.90329184625,,,,,,,,,,,,,,,
6/30/04,164084.76448432272,141989.89845388164,146876.4943914588,164880.0563948245,262282.17832372256,,,,,,,,,,,,,,,
7/31/04,165710.41696936017,143027.64833868205,147739.10271466468,166936.06331137542,266419.1741188168,,,,,,,,,,,,,,,
8/31/04,167358.2988112469,143973.51718684708,148582.39374922522,168597.07976337444,269763.9891482697,,,,,,,,,,,,,,,
9/30/04,168983.96872890773,144699.40650594266,149238.42843800865,169963.93874243248,272462.5339099481,,,,,,,,,,,,,,,
10/31/04,170540.40967165848,145337.00376728756,149854.15413583245,171040.8067398327,275057.3556716283,,,,,,,,,,,,,,,
11/30/04,172003.9821340237,145921.66423533866,150406.58979195484,172342.31744819588,276919.3664,,,,,,,,,,,,,,,
12/31/04,173444.45970937682,146540.45612252317,151016.14476512562,173611.99046725346,278669.06779527914,,,,,,,,,,,,,,,
1/31/05,174838.84657978162,147143.58154973414,151609.18354245738,175116.96209495878,280082.0280363465,,,,,,,,,,,,,,,
2/28/05,176255.87112574957,147738.57487697536,152203.14544290578,176596.4582495743,281776.1627589392,,,,,,,,,,,,,,,
3/31/05,177712.04729802595,148498.04336169385,152905.39372861935,178714.0191394354,284098.3106905379,,,,,,,,,,,,,,,
4/30/05,179348.49930113825,149334.30496677803,153695.4412773214,180622.07722300795,286637.8117,,,,,,,,,,,,,,,
5/31/05,181085.96833380384,150270.11820715092,154588.5964799733,182440.55423324087,288740.27062477166,,,,,,,,,,,,,,,
6/30/05,182910.76542971385,151300.43423690577,155626.22882495238,183647.19121024743,290510.6785280645,,,,,,,,,,,,,,,
7/31/05,184747.89359000785,152649.69484627093,156977.96130473132,185178.26067890492,292357.95006331324,,,,,,,,,,,,,,,
8/31/05,186605.9755468273,154263.19910507384,158607.33717457275,186857.36514620925,294935.4323613793,,,,,,,,,,,,,,,
9/30/05,188432.2883081688,156141.5715582321,160598.79346380936,188532.86380353928,297765.4529907149,,,,,,,,,,,,,,,
10/31/05,190164.48312601764,157999.81775293723,162602.09314419326,190443.14267578212,300432.9912319959,,,,,,,,,,,,,,,
11/30/05,191752.41983177033,159846.4441787443,164627.9206470518,192424.43594174812,302471.25643124845,,,,,,,,,,,,,,,
12/31/05,193189.81706976463,161655.59667121372,166676.1207690312,194421.6684205643,304176.8218263308,,,,,,,,,,,,,,,
1/31/06,194419.8974712252,163389.19029137402,168622.0908097048,196001.2326336729,306058.3822,,,,,,,,,,,,,,,
2/28/06,195563.9732244762,165116.48537670006,170489.1652094553,197597.5788111135,308703.16247950547,,,,,,,,,,,,,,,
3/31/06,196715.00194840273,166801.96706337074,172220.43664778944,199195.39885754217,312375.39518775576,,,,,,,,,,,,,,,
4/30/06,197948.8118389241,168824.90676769117,174402.73940282728,201051.76943930532,315902.94462619076,,,,,,,,,,,,,,,
5/31/06,199167.79991670293,170861.7380313635,176757.42149470668,202579.85823525907,318846.46591958747,,,,,,,,,,,,,,,
6/30/06,200249.85594700687,173007.41316762284,179230.70328174726,204287.3477960885,320857.3417477151,,,,,,,,,,,,,,,
7/31/06,201110.54972095168,174885.64971207804,181346.3004232158,206012.8327273581,323435.85926167417,,,,,,,,,,,,,,,
8/31/06,201786.3575750914,176813.2156814077,183456.4111,208156.5275276215,325417.35164486937,,,,,,,,,,,,,,,
9/30/06,202245.74936733628,178651.45074490784,185529.77227941307,210225.42422178076,327718.23291496537,,,,,,,,,,,,,,,
10/31/06,202587.71344132104,180435.2265273035,187571.7170167805,212178.9404511527,329371.9293329968,,,,,,,,,,,,,,,
11/30/06,202782.53555389328,181974.75632145657,189286.9538313848,213825.96592944456,331833.8342337382,,,,,,,,,,,,,,,
12/31/06,202915.16726661375,183188.5729571462,190522.48366651675,215654.26,334292.8761,,,,,,,,,,,,,,,
1/31/07,202985.53328389363,184072.4752477043,191433.36366378271,217190.5014000433,336546.0862,,,,,,,,,,,,,,,
2/28/07,203057.21500681597,184767.8470000718,192182.27851811465,218868.6389749349,338082.14558614156,,,,,,,,,,,,,,,
3/31/07,203121.46285157383,185262.8787553745,192756.9965911978,220405.52105336296,338476.5373,,,,,,,,,,,,,,,
4/30/07,203191.5887998736,186029.3312,193659.4031643269,221960.48031449004,339249.59590406204,,,,,,,,,,,,,,,
5/31/07,203152.20003533017,186794.1166578578,194587.15888386904,223227.13791841487,340191.4802079192,,,,,,,,,,,,,,,
6/30/07,202950.1650673764,187916.98564685733,196035.47344429695,224263.34082795357,341517.7473367711,,,,,,,,,,,,,,,
7/31/07,202529.91658512695,188789.44438826153,197187.66474386895,224661.58709678115,342855.15181455173,,,,,,,,,,,,,,,
8/31/07,202023.74855406547,189536.09894846892,198169.8801405939,224772.1022555476,344999.44054663734,,,,,,,,,,,,,,,
9/30/07,201409.3641977328,189765.54961386148,198461.29431565633,224831.84046085124,346754.62344717886,,,,,,,,,,,,,,,
10/31/07,200743.81735681804,189829.94718790063,198504.3464667515,225456.44779102423,347486.05704374454,,,,,,,,,,,,,,,
11/30/07,199935.61485167863,189809.68535848512,198395.7242744201,225913.94917541297,348417.63706279645,,,,,,,,,,,,,,,
12/31/07,199075.46527376305,189877.68130350555,198386.3659556675,226066.5654,349522.7957,,,,,,,,,,,,,,,
1/31/08,198079.34469752244,189833.4268,198222.52567474687,226013.79890286247,350641.36917854863,,,,,,,,,,,,,,,
2/29/08,196980.8057865609,189674.9248991583,197917.50753248748,225943.96548042007,352034.6270758594,,,,,,,,,,,,,,,
3/31/08,195743.3691176105,189360.88117234645,197388.1450574164,225828.37612776735,353332.23549083114,,,,,,,,,,,,,,,
4/30/08,194407.85428334665,188893.69587854823,196636.95704921745,225732.4017072606,354742.9896892014,,,,,,,,,,,,,,,
5/31/08,193011.9766076159,188319.2669821345,195807.3253720616,225924.88884788577,353197.89270370436,,,,,,,,,,,,,,,
6/30/08,191536.42774983135,187554.72967568575,194765.9669466756,226173.71006838224,350305.05819838337,,,,,,,,,,,,,,,
7/31/08,189957.0687820044,186648.2931887627,193652.3385769534,225875.07475410376,346588.79652989097,,,,,,,,,,,,,,,
8/31/08,188196.65551484775,185636.24866263373,192385.9444,225112.81665978895,343702.7517388414,,,,,,,,,,,,,,,
9/30/08,186412.99980328232,184687.382,191222.8986389828,223955.5828787282,342562.39224896196,,,,,,,,,,,,,,,
10/31/08,184672.7592424424,183596.95480931457,189898.86629015557,222099.82669363517,341517.1578414168,,,,,,,,,,,,,,,
11/30/08,182966.351,182522.02567022413,188415.19460967157,220846.70625975812,340063.2474767797,,,,,,,,,,,,,,,
12/31/08,181272.1648651612,181627.53968691465,186902.36225163392,220968.0288860236,337442.45191877946,,,,,,,,,,,,,,,
1/31/09,179614.54005497613,181001.2512,185571.51537827667,222381.5436770895,335292.7846785931,,,,,105965.9940792568,,,,,,,,,,
2/28/09,178201.5277595051,180353.32415468505,184571.82077328264,222613.5616701738,333070.0778921894,,,,,105843.8203,,,,,,,,,,
3/31/09,176907.60843660755,179189.1219148361,183568.28053192273,219363.70198288665,330873.33010989317,,,,,105599.89018660173,,,,,,,,,,339080.30328258633
4/30/09,175691.2081757126,178106.48225551416,182830.79853648308,215723.18061034815,328688.4974152472,,,,,105184.4324,,,,,,,,,,338338.3651451974
5/31/09,174460.98350395387,177082.1960618066,182255.02038000687,212154.78270346695,325196.3906876553,,,,,104774.13727202595,,,,,,,,,,337491.1530900406
6/30/09,173301.5647,176946.3145254658,181767.6056547603,209404.08426536573,321964.7874820565,,,,,104506.94795888946,,,,,,,,,,335753.88840249204
7/31/09,172254.0220965319,176597.9241663312,181063.4306318869,204282.3399056339,317927.9391542285,,,,,104306.27624239416,,,,,,,,,,333739.6240722121
8/31/09,171286.44380273638,176363.8330038636,180313.40450940563,199195.34257978015,315640.86377244326,,,,,104027.0235943616,,,,,,,,,133586.25058460046,331638.47473654454
9/30/09,170397.29487979595,175628.15195731624,179561.38151649732,195709.11436799148,312747.63992535346,,,,,103774.7266785013,,,,,,,,,133413.68956052247,329417.9231
10/31/09,169669.23324062422,175439.90152820342,179368.8746097181,195190.9439262812,310490.61029139924,,,,,103703.86050479078,,,,,,,,,133328.88409549044,327145.3662787417
11/30/09,169261.87912306972,175111.09368370738,179233.70187243904,193074.12684296863,308634.6797537867,152575.94316418067,,,,103618.32099619816,,,,,,,,,133440.7816,324742.3866444351
12/31/09,169082.26423998922,174793.78560295285,179215.12334264038,190140.26450555763,307092.56432905374,152287.9622494047,,,,103520.50197409866,,,,,,,,,133778.5127113807,322601.32713765814
1/31/10,169028.55350748723,174591.27119200092,179066.18682331653,189436.78851364608,305566.5359508807,151565.96005177253,,,,103230.14828103012,,,,,,,,,134236.5399672373,320745.87439383677
2/28/10,168969.31883144766,174607.89203858247,178853.21662304204,191680.7500964766,303383.3116,150010.09008199107,,,,103092.89193443634,,,,,,,,,134551.68481377547,319217.454
3/31/10,168980.0947513047,174878.4717388618,178935.57786979372,194877.9378367424,301858.82015919633,148577.36969549442,,,,102924.62544064524,,,,,,,,,134617.97586772346,317705.8246901298
4/30/10,169096.68939534808,174600.3407484153,178677.08097841984,195152.37256991255,300316.46820173744,147906.3392934396,,,,102754.55524950215,,,,,,,,,134405.21054311286,316295.6333305619
5/31/10,169176.89686096495,174180.2726,178437.45430264666,194040.1608501436,300203.74800302647,147927.78226148183,,,,102585.93880263752,,,,,,,,,134173.7287572685,314919.3129569682
6/30/10,169064.68085650314,173217.16233046688,177897.64571202834,191371.48917137735,300301.1323576321,148376.38934120824,,,,102463.76677985436,,,,,,,,,134144.7353450029,313610.77782299666
7/31/10,168569.6078159372,172161.4520402297,177295.08204316196,188540.28503703637,301136.8254088824,148235.69663117625,,,,102381.61861019216,,,,,,,,,134256.0738140669,310994.3264463952
8/31/10,167821.23067387476,171071.71321635754,176552.60462917225,186210.6626253703,301178.0089440711,147964.64900414718,,,,102294.56909455352,,,,,,,,,134090.5385829144,307874.11029598484
9/30/10,166882.1007782188,170044.7602128575,175431.07757547466,185121.03633709476,300180.5668403864,147160.0703642243,,,,102150.66421617416,,,,,,,,,133994.01544438917,304453.80332689517
10/31/10,165907.27973640364,168575.47541448378,173873.21904765855,182217.47257536263,297689.4673839438,146521.6557929668,,,,101978.69089526612,,,,,,,,,133708.12959342118,301991.50809905765
11/30/10,164914.30272688388,166945.58441918527,172116.39011673734,178963.23197389315,294094.7191353876,145762.6984898036,,,,101710.81978415558,,,,,,,,,133601.10901264127,299824.7437167599
12/31/10,163983.64035675346,165453.4923781765,170511.29829672122,175618.3220627287,290526.74354815733,145573.95156713048,,,,101390.1133453846,,,,,,,,,133243.1607657772,297682.9339478028
1/31/11,163119.07103175452,164916.29177049812,169674.26486768783,175084.29166065328,287141.2684401576,146603.2114741072,,,,100969.0270567256,,,,,,,,,132905.29097424893,296045.7648624279
2/28/11,162314.17152833895,164748.01258506646,169160.23565997693,175174.29058609626,284327.8298048182,148384.90914378583,,,,100488.8208300906,,,,,,,,,132345.38287982708,294490.7433185838
3/31/11,161551.42415867327,164764.35817289315,168864.64632409252,175964.66267120797,282153.23738912557,149676.60761702468,,,,99902.20518,,,,,,,,,131715.3953,292769.7189851605
4/30/11,160754.45487459775,164217.44167854427,168129.12069997375,175562.49105477022,280896.62161133887,150117.8897938018,,,,99376.31572056375,,,,,,,,,131167.88168534308,290758.3455063707
5/31/11,159923.9467870133,163293.60554832267,167393.45101732336,172997.36486849302,280024.69836349523,149863.40379455048,,,,98990.76665151311,,,,,,,,,130911.46635853116,288995.72048627055
6/30/11,159109.89775586032,162134.0329346872,166645.33034779984,169414.03739848532,278805.38295434974,149798.24230759102,,,,98885.79306460552,,,,,,,,,130798.49904116266,287799.0342879699
7/31/11,158430.4311221599,161324.6232908284,166213.6562192778,166593.83954490608,277266.46651448606,149584.52756251468,,,,98946.70960175876,,,,,,,,,130916.35562870454,287069.3323251681
8/31/11,157861.58143108475,160778.73569130487,165520.0057039289,166152.94330982913,275365.2945789666,149567.29691026907,,,,99110.36075254488,,,,,,,,,131216.48428746738,286686.2599519614
9/30/11,157377.4700631428,160417.09148595962,164974.06861476824,165932.1762716472,273898.7540572941,149279.2054113527,,,,99226.10037371592,,,,,,,,,131805.22053412462,286312.7105039041
10/31/11,156895.99447382046,160042.6611215887,164413.76168422404,165919.83546345754,272414.32365267724,148973.7846645863,,,,99275.93643609168,,,,,,,,,132343.13530117102,285437.5376430655
11/30/11,156480.9850985283,159647.41276119844,164054.39573412368,165524.4444837408,271529.20989375934,148790.6317727114,,,,99284.39690926168,,,,,,,,,132763.06701265273,283898.9330435687
12/31/11,156118.88574416708,159266.0117467227,163535.04820962396,165408.88804340543,270880.33424811607,148681.59883249248,,,,99320.10127,,,,,,,,,132851.8928397865,282077.70096495695
1/31/12,155898.50595808055,158968.9628402041,163182.96587000514,164822.3763058677,270840.96919825603,148342.2844062502,145842.56411551774,,,99551.58120488538,,,189319.67816686071,272194.4693028877,155194.4495253542,,,152457.2316710877,132989.2562191514,280447.30067096016
2/29/12,155891.40148775186,158858.78473065372,162876.7509738958,164680.5263189219,269962.98298280983,147940.9627904004,145765.29692231145,,,99839.62373,,,188088.3138338247,271527.9066820842,154930.57649041564,,,152302.3120527768,133490.2843472539,278840.63729711494
3/31/12,156115.0490032624,158939.69583906917,162643.27650469067,165007.1548428676,268765.3273851741,148142.9630166829,145543.31169847024,,,100002.0951324319,,,186437.11112621825,270508.78381309356,154907.64256787326,,,151732.41207916138,134241.8302090695,277243.6030135682
4/30/12,156487.30212377818,159081.03766818662,162307.00049723886,165612.30089094923,267358.7945745966,148528.60380051905,145697.0590357769,,,100238.7286199169,,,184189.78498613497,269207.45349571906,155984.53399418527,,,151050.73607092307,134518.98409742865,276068.69612990844
5/31/12,156926.87834303628,159273.2033102502,161889.4659966353,166205.7925994803,266831.5580727872,148926.30331289163,146250.02588759852,,,100496.83862848538,,,183481.26154613247,268933.30922395695,157791.42341040875,,,149202.18605190932,134428.46199830106,275705.7815311372
6/30/12,157437.77003179883,159463.03771497888,161578.0436585082,166760.3695651593,266846.15915773174,149020.16889219778,147557.0876925061,,,100570.06172973104,,,183627.1550294794,269696.0387882181,158865.80327828415,,,146787.6567330413,134089.23763125876,275799.9154847353
7/31/12,157987.34737598218,159680.1843532206,161264.44149180234,167247.15899528572,267486.45891855395,149506.14431371607,148475.42598623523,,,100509.99941814522,,,183576.1087225872,271212.5891222209,158673.01165903098,122133.9605135195,,143454.8363115428,133738.83440441903,276272.96564343467
8/31/12,158456.63672764844,159710.1402355367,161019.82332155728,167295.33949325405,267984.5317234781,150234.15914187403,148956.8392657256,,,100209.2692944978,,,182608.1611009395,272409.0820827721,156396.1011577243,122751.21152816805,,141007.39318714183,132972.27856307477,276499.8519335959
9/30/12,158996.66518969103,159785.3584163092,160839.57875077962,166837.38753181466,268481.68101485004,151290.95031010965,148479.65011430316,,,99838.81459407664,,,183909.0633120005,274483.1473450346,154019.61098529096,122766.23097871854,,138372.69896065022,132027.86529124712,276646.9088336847
10/31/12,159584.0674494034,159890.83858016165,160862.00097785494,166082.14709780848,269054.2008828818,152713.49567963468,148019.18401982656,,,99214.27218282151,,,185476.9734215408,275309.04871013545,151520.17836378762,123138.63155637577,,135872.2034819565,131322.46631068573,275950.44043180277
11/30/12,160283.25060772675,160313.75790936238,161234.4156544631,165587.60184870206,270285.1321074081,153878.67070731087,147472.96653035365,,,98734.58701856056,,,188807.8784360047,274870.7375916263,151679.2589312617,123075.45207006978,,133290.3030453048,130263.67454884911,275143.3505882874
12/31/12,161010.1082957501,160851.79350253296,161774.00035858704,165222.80123410092,271596.69484662614,155120.1464095056,147168.32481788655,,,98833.49462980668,,,191290.09916638673,274116.9891,152675.6298496794,123398.71228446196,,131755.42893384796,129691.84084149712,274837.8094108023
1/31/13,161831.92637486552,161097.1053351398,162286.80081561118,164871.03650959267,271854.15024745447,154922.13145034504,146534.65241236045,,,98824.62523525055,,,193610.45648339376,275461.84530439466,153942.39695119005,123705.93540711002,,130530.17259119956,128888.1822794609,274891.8747903123
2/28/13,162714.9235320382,160936.36062888784,162753.2838020362,164325.9066466085,270912.30146729125,154001.9990293254,145999.24768974105,,,98258.76863864076,,,192194.56038665553,277618.4659531724,152286.60639051837,123674.45150534944,,128685.7819771159,127962.14041399618,274909.1484407471
3/31/13,163639.78298405354,160769.12517536685,163295.3966666706,163853.1825305069,270013.3285352877,153173.01103719487,145619.02586733847,164464.30058687314,,97683.42674855787,,,189626.97176496405,280446.5482857909,150764.83248486937,123918.2845,,126248.47569261804,126828.39848427803,274152.1246778274
4/30/13,164650.2836523363,160834.49780411206,163842.63651188475,163399.4422208496,270264.69656329806,153666.64863964377,145716.83857980545,166472.4040820659,,97103.99844981894,,,187709.18060562355,283701.1765025061,149704.27972929573,123779.32657626957,,123397.3942011472,125888.6706149896,273291.64020664647
5/31/13,165836.00469054093,161250.63815624372,164318.95623926722,163580.70006697302,272163.67266024154,154842.79424185204,146507.2502147001,167626.27924851386,,97105.47384795068,,,187766.90029683092,286678.76764704706,150536.34252478575,123761.2629902067,,121305.9264863496,125329.77021140752,272471.1063349639
6/30/13,167155.7011830981,161651.11179360255,164694.23755934474,164353.8747455743,274606.95825177524,154950.97389923397,147754.8018667011,170277.13833322978,,97339.03904124524,,,188284.2811193264,288887.59833154536,151670.71500981884,123835.2071382448,,120831.64663459314,125551.35664235469,272367.9097252786
7/31/13,168353.0376688681,161715.76912427988,164803.4123227485,164980.08870093853,276421.4457323137,153386.93737400972,148630.68490633697,171056.05751546109,,98042.09258517092,,,187768.67424334437,289441.4343263922,152305.96463057495,124102.07028748236,,121772.02565534315,126474.12461990675,272689.8998927363
8/31/13,169520.44464675765,161746.6940972521,164952.3250322158,165262.52738529732,277815.16322605946,152245.14703624762,148890.53844083566,171885.55318378264,,98973.15258399933,,,187527.0248190332,292065.54342840466,153304.21608017053,125061.48079666164,,123720.75500939018,129053.3724635352,273294.0109741661
9/30/13,170567.24750001394,161638.15527472566,164921.81012891795,164855.21160326363,278440.9573543078,151985.5111933957,148678.52040553885,172685.53107996294,,99698.72369539294,,,187795.02453990013,295681.07207693555,154322.06390395528,125484.1126449642,,126345.65516973322,131457.4232793851,273529.8666264518
10/31/13,171731.98040277098,161645.80405906905,164944.36956497448,164476.92356593814,278707.32723891875,153111.55543256606,148142.26660074305,175021.6494,,99903.27628,,,187901.90032363476,298554.06235133513,155741.90482389784,125393.79223311428,,127677.88921732684,133136.44251589142,273017.9043540884
11/30/13,172675.00420645662,161466.86558712213,164810.68884019495,163936.50765009117,278134.5355273306,154011.36116309615,147507.3175285257,177344.66665084535,,99930.48768,,,186192.9213880923,299118.2615939318,155478.27907005852,124695.25173291971,,128821.95994815364,132859.54366240327,271873.67236792087
12/31/13,173550.16824291405,161382.9196939453,164847.73961409996,163491.96295784155,277820.7474296962,154845.18759206685,146996.53389931365,180145.02031289355,,100042.31884348798,,,182854.49064148185,298399.0285740169,153764.1724893716,123836.56348278922,,127897.38081854342,131667.97195437562,270790.22393061215
1/31/14,174314.5476300842,161690.75125346318,165117.22197796786,163191.43191414513,278230.9146517014,155240.0943969531,147225.07528049874,183490.1127135319,,100851.48683423286,,,183436.1846638911,297857.4016558474,152577.94196156043,124218.9991638902,,128436.07241581184,130777.92381097285,269738.8462704576
2/28/14,175130.57332133545,162255.55085847445,165631.91690605902,162671.00179410886,279483.0619959456,154974.35617824408,148096.1841,187720.19167098645,,101866.1321695776,,,187524.57511741467,297592.1088497257,152881.28363531656,124796.22208582854,,128980.16615596936,130091.78447683388,268787.91176556365
3/31/14,175946.1012560738,162803.5350644624,166159.93890636085,161936.72610359974,281080.3427058144,154267.23528139576,148906.85811940298,190670.42209759736,,102236.38773065452,,,192742.1121936162,295903.5653513088,153207.59309278574,125917.84138255336,,130608.18891617365,129768.35836838966,267819.38680224057
4/30/14,176759.97609445857,163163.1575784485,166722.95353754476,161380.49715381672,282677.9562619484,153956.16516278483,149593.18235062077,192397.59330288577,,101967.03400630876,,,194788.7598135602,293066.2103588197,152058.07567845765,126271.23505638471,,131550.6848897801,129659.31389419576,266690.39176393446
5/31/14,177698.223,163702.67350571134,167341.0829728468,161733.19375439282,285102.27137567644,154817.7012009149,150201.51754671187,192474.82130369253,,101014.5859544726,,,195731.3338145044,290822.39014157956,150759.66638797932,126537.6220832605,,131521.29901884435,130013.58399571029,266231.5649017659
6/30/14,178536.03044386845,163991.91664244933,167630.7149062217,162505.89218714708,287218.65703383397,156245.28059064713,150819.81732939827,192857.04648153897,,100265.65610421948,,,194489.30903467417,289472.97038816893,149149.91168014015,125862.45614790592,,130210.67687048072,130726.24056841744,265606.19189073413
7/31/14,179362.97838162372,164262.65460529935,167648.47695510593,163305.99067986672,288891.3251612871,157833.79779292794,150832.12589751242,194407.1585,,100171.98214177326,,,193431.33624623853,289876.074,147931.051,125758.74849656616,,129231.68660361052,131887.23857363788,265535.8987820156
8/31/14,179997.7076,164158.5855528255,167367.59919491736,163225.9368051491,289148.31132649485,158905.58307261276,150065.22455426585,196945.47461771432,,100957.0640872435,,,192218.4684005153,290453.32436966343,146309.67201110034,125566.2936628397,,129077.82110563572,133389.21077660003,265148.9039985403
9/30/14,180594.11693387965,164079.74369684383,167178.2514231891,162749.4019759881,289442.70712040225,159968.67252155612,149106.5020042406,198313.68502452935,,101701.46735778709,,,193310.00567160128,290662.37601263955,145921.44707056307,125103.1812,,128661.15181626788,133869.9459665007,265150.26540555054
10/31/14,180983.98688998137,163890.55874737914,166971.11641273438,161869.97402905163,290011.5411975867,161765.33748010255,148864.5612641006,198762.8373433356,,102190.55470081553,,,193289.4762588273,290129.03598974744,145908.65883930554,124433.3757450221,,127543.03977854952,134339.3703755535,264984.25428261916
11/30/14,181492.1826,163979.36843526657,167101.7149786956,161352.98245174033,290435.6926468069,164371.1742362157,149159.2243008242,198584.9713492849,,102201.38310255152,,,192365.3936802004,288839.90457889996,146033.69449082235,123354.86856284564,,124928.55526757627,134741.66352850094,264691.8912295899
12/31/14,182116.23198741535,164252.95988713767,167459.88238021135,160965.41090351742,290169.4726311217,166902.4788,149722.45008723214,199322.97285209355,,102502.74082853991,,,190406.7013763485,287787.6149477026,145806.79940007682,123335.9336028144,,123266.46062870589,135919.27396417828,263927.43701312836
1/31/15,182896.0871,164502.80226757933,167997.3801,160435.5357487322,288797.15570271556,167670.49397989415,149886.24490483786,198019.8660729363,,102384.8660497387,,,188785.47476158896,286807.4689102775,145164.03513945898,122894.7758055302,,122051.37313110128,136586.4468349294,262991.8583423442
2/28/15,183683.3724279694,164720.9859925939,168548.60188290654,159792.07711553192,287766.58798725455,167219.4625864745,149694.25639101435,197617.8383627187,,102241.7190918208,,,187447.93454699207,287373.62988112704,144479.97328183535,122215.10170456748,,121547.60202425889,137421.36040480225,262412.3676
3/31/15,184486.5119877764,165112.0375735092,169210.7013214399,159401.43171172668,287673.79863892676,165866.8914265626,149513.53194499205,197650.97050731536,,101870.19288840985,,,186294.8795536469,289255.0586998647,144161.7396188664,120956.46022626186,,120885.62421224503,139217.46883801153,262066.22715684705
4/30/15,185369.1298044389,165750.3741398392,169958.7769935502,159319.70044215853,288518.38833772327,165087.3329689046,150018.75935483113,200159.0155935279,,101344.15094602772,,,186153.30617009648,292594.90199796436,144094.30938097418,119783.5564,,119605.1522758582,141567.25810878794,261955.0259600254
5/31/15,186340.2744766384,166350.24470914525,170397.54685258158,159790.00228350284,290069.8372,164666.76965925455,151226.92227539603,201417.92085878388,,100494.48129771774,,,187257.43886768655,295735.3517904645,145615.76569913627,120252.63531268651,,118607.13883169647,144122.64625271325,262070.79524026773
6/30/15,187280.72681421592,166613.88627223787,170459.78777375328,160422.7388782062,291472.33633551997,164901.6323959011,152795.4693,201810.60081547732,,99391.46298723231,,,188383.3679149032,298075.0932015023,147319.96728393756,120879.78690511124,,117840.62235751178,145364.63678792657,262341.53763711476
7/31/15,188251.17568926825,166835.43428760726,170479.36124620106,161651.20176594504,293315.2705982136,166040.01975413773,154013.64477045156,201502.72316638552,,98491.88399,,,189201.47804441047,300695.6433328592,149773.7869110024,122389.15761790871,,117158.27239914992,145727.0846035157,263241.4816106343
8/31/15,189266.7168264321,167093.37694308077,170806.52962411282,162471.9442615921,295129.1751492378,167294.53934646788,154678.4451752816,201602.36862338192,,97934.99947744688,,,189299.38762181625,304658.9334064292,151300.66152281096,123721.78897707272,,117046.91887437574,145319.08119849203,264142.17027274007
9/30/15,190389.85071125615,167569.75183520748,171501.69690570692,163018.79102960989,297490.6638255305,168281.88613644053,154536.60387593554,201869.6972738632,,97588.93172,,,189919.68141395037,310566.6013720801,152344.2891142896,124431.15190138352,,116681.5384451985,144343.9654248825,264892.74564001494
10/31/15,191562.2103086296,168058.33916661833,172243.14601649277,163062.62216299432,300257.8742,168526.14552465922,154355.5155147703,202443.6646,,97597.52011408382,,,191267.99435431612,315543.88313117163,152627.53133366889,124791.4413124988,,116004.54195101513,142693.26912602456,265613.87151124515
11/30/15,192609.01682365595,168253.2767285302,172796.00843240749,162697.2779,302781.30899963976,168185.26378445144,153848.22853438396,200877.6612528345,,97469.19093093234,,,192039.40674702756,318469.84923701495,152323.70577437105,123950.9102,,114480.58715702852,139838.78771028147,266127.0333667759
12/31/15,193646.1046524432,168428.81348680015,173588.39226332097,162170.35365786194,303073.49824647856,167150.75903440345,153975.16050979434,199396.08429621768,,97556.62944307733,,,191308.9092614301,319929.19580649096,152300.76747787624,123692.81104603242,,112758.40921644271,136819.4421069159,266896.00206763763
1/31/16,194769.66099297884,168595.37650906813,174429.8431855746,161707.45165363836,301804.05597569194,165766.16030011946,154483.93319837845,196622.92337191547,,98000.22537,,,190446.454,320768.3055654257,152266.03655924046,122673.50387527164,,111434.3415184344,133540.4543606467,267232.57547195134
2/29/16,195892.6186327659,168916.47172825912,175287.6157031822,161468.8496693106,300199.05454185366,164532.20383984872,154965.13635801885,194836.25821852664,122898.3990562091,98868.24375913314,189390.20812030515,135607.02771685354,190189.01143256563,321826.88200269645,152249.13466946475,121581.60031929392,89077.85304280311,110292.86860263848,130522.96623406372,267719.7324879438
3/31/16,196718.5128747969,169175.21604489718,175770.46984099224,161100.42803575835,299506.7190700492,163935.57200481984,154566.69833719332,193019.39761235545,122230.78078232166,99659.16663,188880.2271003267,134622.46666333536,191868.39041497817,322642.10931548267,151797.8941534782,120641.0819501168,88917.90449109359,109326.4932,127581.9782082452,268124.80364118505
4/30/16,197467.9448812122,169635.99389150811,176481.45025692205,160852.60874332662,299932.3513988299,164005.09427401042,153287.2792388381,191935.8700298766,122379.9911538506,99979.18500747212,188560.61054411705,133565.02880676344,193509.05503258083,323495.6129636774,151169.202,120664.5724956706,88837.93002,108307.10043710162,125560.61721395438,269569.7693615992
5/31/16,198226.9527361288,170324.80938939683,177415.07773234078,161111.72521883037,300836.50021267653,164701.67329077885,151671.15061848037,192186.4963079863,122615.11729469289,100338.43140737362,186891.7998559013,131201.30068634826,195504.31705100392,325141.10320571053,150777.74039043605,121954.77548522744,88709.54312648159,107132.66929901676,124831.83466633824,271164.06622997235
6/30/16,199153.0596489274,171066.35279213917,178445.6599356652,161881.2955731932,302382.4857890292,165837.06018996748,149895.3794355944,193005.01957275637,123091.6784493178,101015.84965149204,185721.81510301784,129540.56951942189,197611.2233777549,326013.05107906327,150362.0164922684,123514.33428617056,89065.46003086555,106062.24463679164,124904.92230568347,273173.5965670903
7/31/16,199867.7476319007,171425.92970920732,179087.39201652995,162560.7627,303218.1805296889,166432.2748356052,148027.6622496339,194284.0797404246,122818.9305459212,101561.56031313787,184098.5138151782,128374.92770373974,198501.4070091642,327540.1878,149654.41276812478,124242.60859055404,88808.05869805254,105777.10701839016,124544.25397468354,274650.9716204982
8/31/16,200544.74434416776,171577.61485445124,179504.19299967552,162819.05460864154,303121.71130329283,166532.36646976045,146488.82817889517,195409.48950232155,122057.82331863744,101713.6826763716,184593.09485806708,128061.39318599456,199036.19437766893,328102.46472538804,148401.97689214128,124283.86240901676,88298.64711506518,105258.06173710838,123747.25518746387,276277.9607
9/30/16,201290.5873938793,171605.8364224783,179640.15337272687,162655.5905788371,302994.85506528214,166101.60374092936,145463.43763237508,195616.9093441502,121840.0871808934,101810.62450450822,185872.9916215442,127887.47450887934,198494.52641592335,329267.27585292497,147865.45708343203,123814.26911777636,87190.63675638061,104624.80638212552,122871.93817680668,278212.65301151195
10/31/16,202217.26401148777,171993.59535475163,180110.16501277397,162791.8080903168,303748.2331150945,166394.24005006757,144500.67420814114,195003.53052687657,122096.6773549546,102207.33545383306,187824.82325397493,127935.0572851168,198875.34681196115,330284.6753846796,148646.74778453124,123939.20417914378,86172.27245381071,103677.97706067162,122658.01140670826,280825.4423401624
11/30/16,203231.3772993494,172476.7453505193,180728.6824104245,162799.58999131082,304708.64433043526,166916.6835,143597.38156328726,194426.99597541257,122306.26392552131,102594.94890286127,189376.5715562708,128241.41536817304,199865.3500661009,332014.2866631216,149313.95486744263,124536.01144831732,84381.89089575861,103097.86211356848,122148.74857762414,283987.8273386454
12/31/16,204304.4362621336,172952.9259267554,181417.79817557256,162641.19059479944,305244.13438964525,167079.8873137232,142770.91826317922,194799.40176619685,121934.18597954093,102582.54209304042,190140.6518388878,128781.34966814758,201553.7696437348,333257.2005,149804.94764291003,125676.93377991718,81916.55496376625,102704.80375861254,121585.3652,286798.0825979845
1/31/17,205377.6944279592,172958.91327442034,181524.7895006184,161844.53465218443,305854.6904104944,167005.1489630551,142319.61850378523,194241.9933299397,121573.39787923628,102402.69941879992,189539.55916696627,129397.10221345078,203240.32646554988,332088.46934414963,150368.9689739869,126646.41442139308,79816.64073144937,102763.2774954082,120717.04116144143,288878.2115746035
2/28/17,206490.6702028707,173035.06066691587,181547.31647178603,161045.08531399432,308533.5287344346,167373.36004469273,142003.5133,194119.73655761257,122001.13407457528,102492.5939123205,187559.96438133216,130168.46840849248,204400.35451278757,330306.82674435707,153149.31537120687,127546.8355350825,78913.41708210902,102990.32526117512,120076.87651704896,291053.5943005145
3/31/17,207634.49220756287,173316.07872871848,181705.3502808409,160634.20069910458,312619.58812427014,168565.03488506633,142005.6050472265,193129.04287922793,123207.60430523148,102581.80729725564,184373.9151,130436.0843561503,204838.75513568497,328812.56325063686,156489.52094957637,128408.97144926072,78744.82990457807,103210.33807998749,119522.49682845332,294388.48938167933
4/30/17,208889.73893191307,174079.8901821482,182508.8620897544,160896.63466428814,317039.18232332636,169670.0576706148,141991.83940420765,192618.1227891357,124420.5049842508,102433.57186641116,181612.5409097469,130368.09840674892,204910.56187760763,331520.1257,158055.84119506442,128733.62315175997,78589.46384153429,103183.1089923132,119132.4651174479,298475.62755747745
5/31/17,210027.0330557618,174709.24855900835,183199.6870281488,161662.6791938423,320583.63554945093,170421.17400345005,142132.39357183527,191023.62825580235,125023.92576106648,101910.49319215666,179078.40089912934,129320.90048111424,203783.50190220273,334179.4952178768,157367.65069358976,128229.7997474186,77936.50161845087,103737.24193865251,119018.30996707706,302817.6976918319
6/30/17,211091.3486423503,175231.05188709963,183833.31317847164,162987.0989078906,323523.5806,170727.54579720864,141953.25906130028,189551.63023294823,125026.09516560732,101396.92875144177,177357.2731543763,127945.89437137789,201968.96024178516,336935.01587602065,155582.12661923503,127933.00493346225,77546.19733865651,104395.6719,118912.97935202529,306362.0693423255
7/31/17,211988.98357175328,175691.91037736088,184248.40751224873,164353.42608764826,326059.5803577884,171433.72782040472,141796.1238158945,189387.54898956403,125128.13312519446,101255.1950079655,177189.03831986515,126592.78202896944,200677.5419998085,337595.9001113255,154892.1795854474,127682.6832398837,77905.85925051129,104067.08303179586,119110.36831098144,309604.4674915886
8/31/17,212895.4500384884,176064.86478556297,184702.73975338144,165353.04242584112,328135.5635938732,171517.74808107506,141989.72467447663,188549.3625833216,125052.22368189006,101367.08093717572,177818.37370902588,125966.8992,200090.4701100616,337787.9308287795,154667.95200088853,127853.90978935594,78697.95658762769,102961.49207097752,119069.15199924952,312357.4412
9/30/17,213847.29717770044,176457.82273299815,185209.4267566742,165607.15381778873,329920.8199,171367.06197430237,142735.48437829895,188636.97166083835,125074.1021562932,101786.18865356676,179270.12449141557,125918.9535,200559.7444283733,337837.9959825958,155202.60569787314,128279.98330842418,79597.95212024491,102016.95818206044,119152.67935211254,315541.4883357223
10/31/17,214933.8658274666,176832.26410977947,185755.9393175829,165435.51133014786,331442.3270510068,170612.31562229514,143770.42480225823,189177.62623618028,125268.47290473872,102207.03653758166,180031.49217578582,126258.30961105616,200738.8862171613,337202.97831929865,155572.27016121696,129382.7942337196,80316.31204577613,102212.95995529652,119491.4284,318852.09847053955
11/30/17,216118.2173073925,177409.4922673975,186501.1910798165,165286.7250213388,333197.32686662837,170277.06737277916,144540.1886042581,192057.24370396143,125681.57673282338,102688.48406856768,178832.20216071748,126794.10955177624,200136.18315796857,335957.53047010343,155806.15943801845,130449.11663445582,81047.57231352049,102824.24419983926,120599.96094975113,322730.15905302117
12/31/17,217354.0565601843,177985.9008157344,187294.90634834833,165352.0873269844,335631.7140879365,169971.91863744592,144766.57498411072,195189.1840901845,125955.18799513408,103044.23966465442,175015.96926015397,127088.11035600444,199708.6906416084,334798.1932304725,155206.27871922587,130969.64521009973,81393.04197887599,103348.95145627447,121099.26400158548,326729.49143038475
1/31/18,218584.5992,178418.84216041243,187890.10390730327,165499.18080790673,337964.6942175993,169676.02217644884,145475.02331378649,197443.8445047707,126266.16334414973,103657.76486744802,170713.89062437954,127001.99277564992,200160.84834157428,336409.7314927256,155282.4792676716,130825.43870424973,80884.538,103326.52218793792,121534.1863700868,330905.0070183312
2/28/18,219770.78477331655,178887.11435073087,188444.3739536977,165983.06227308916,339514.94489204464,169823.29769875322,146354.44425984845,198303.21902918327,127230.57493938728,104405.43330628565,167939.06351695908,126349.65042491331,201965.2064528904,339072.80875534145,156137.99066675274,130583.01229469416,80202.5621,103772.14779035684,122215.79792350544,334000.95811604726
3/31/18,221139.10622800968,179536.34713419402,189073.9986291828,166276.70404686275,338246.6922,170958.35684081342,147783.2603548407,199142.0465777889,128838.96450555284,105594.7576,167173.1866852795,126031.69530552666,204832.9459564208,342943.057,158328.1886791155,130312.23362246771,80451.81845259079,104801.48554604662,123776.42218734806,336917.1065387794
4/30/18,222379.61963914472,180169.15970241904,189778.82897729857,166504.9558633729,335734.11919777474,172011.47111505535,148790.02599755474,198997.5127332922,130549.9938523696,106404.33787913866,167047.65313562631,125764.2582953906,206674.11917584017,345123.54099914077,159721.69530809097,131011.7184134752,81452.56552992715,106429.71992042112,124540.81182994036,339620.3571205901
5/31/18,223585.05660490273,180702.57427190457,190449.9769874113,166449.09538239907,332957.2572982806,172646.0980478688,149313.26693269762,198464.7439369564,131386.40203683858,106991.42291107724,167515.07053614582,125328.38862055977,207373.9507303594,347269.9307107755,160736.8715249774,132094.07668905772,82714.24127901696,108125.96514697462,124148.14139126218,342767.17764448235
6/30/18,224470.32217083624,181104.59068703544,190988.07423780975,166664.88527903982,332134.4078227281,172390.47962617324,149249.96749588806,196539.0904268643,131465.82096636924,107206.76788527482,168245.4547718165,124675.75976922592,207156.96767825112,348720.37565927673,161452.30913884696,132961.90078195024,83507.49571758138,109422.76313125373,123270.88338806534,346272.8067459301
7/31/18,225579.4336742901,181856.4788591191,191758.3974537255,167599.95118306167,333292.9509213793,172485.46713376403,149472.25535410366,195333.9226919992,131052.23845142324,107456.83169106396,169971.4612,124654.26226681676,207944.06969330832,349869.60397996195,162799.61611119073,134633.88443968576,84399.44452831634,110271.42731044942,123153.18292493925,349997.7433672177
8/31/18,226640.8874,182794.70853334537,192625.9502434652,169114.1038,335485.93910442776,172938.37010039485,150175.48023611843,193961.67273609233,130782.18448745616,107578.12859044009,172321.32913397954,124869.97148329712,210160.08095319232,352037.9988818818,164560.34284561223,136538.34250289656,85098.61712,110285.99911495407,123431.4652527235,353566.11654004175
9/30/18,227700.55659322024,183922.53630232147,193571.78254956656,171170.03798928403,338319.61179509904,174184.38380287305,151806.39165647372,194161.1882982844,130687.3205582577,107772.24666114723,175402.1789077721,125179.4678405652,212366.1194063569,353368.65686667495,165870.72936696032,139115.67518062753,86011.37007679716,110414.32293766184,124147.11462750164,355945.4453410222
10/31/18,228422.31961556827,184691.43742302377,194177.20113503968,172842.3763396419,340917.6982168563,174743.5657603426,153940.0906673615,195935.4642033165,130162.20399753556,107883.1646941058,177819.12475079033,125485.2506364215,213753.9240060374,354079.7949323731,166611.2412537917,140285.60513088797,87077.39623645844,111137.85233534013,124498.69683215515,357431.5123519581
11/30/18,229152.34769707944,185459.3009589451,194739.8270727633,174427.35308124023,344351.9085613107,175135.42226479447,156320.54342925048,199355.13070056125,129736.42986319616,108423.1767,180277.6161289746,126837.90503983648,214280.19178288672,353828.93016650714,166604.2043,141489.9765065202,88788.06038895137,112536.23169932568,125437.7737375692,358409.26083270804
12/31/18,229939.15821032596,186108.41923748725,195245.0956818811,175850.70647379896,348495.2385785313,174636.65186220643,158012.94041352443,202376.4827256178,129406.08932218514,108808.1246579756,182038.37533434675,128590.82641260853,214457.23311031013,354276.4362433723,166856.52226592775,141535.45853786636,90071.75695124197,113404.94749417076,126117.03057968436,359496.72549024835
1/31/19,230908.43234744912,186884.97580748153,196242.42320737056,176264.3874301083,353509.4419035558,174815.87388054424,158261.43875565805,202836.3047,129932.5867412482,109179.95858441846,183053.15358062755,130084.21254351892,214247.7129157754,354745.9543620552,166582.74569695044,140698.61330031132,90291.79840532366,112832.45396072006,126368.13364571196,360884.1424184544
2/28/19,232050.73938930297,187572.24617732092,197533.06047501185,175567.27559129774,357554.0401139692,175242.34702749542,158030.96507724762,201398.47015425484,131267.13865970483,109705.54355117776,183316.1974153086,131479.87570153826,213806.2113504724,354594.4271033754,166434.09918507756,139266.81126475008,89651.07031738218,111475.08510123332,126686.3830537872,362581.6872
3/31/19,233283.0700963925,188394.87174411188,199195.38992928833,174103.17216519418,361498.4344163839,176564.8179087726,157798.96897045677,199873.74202845033,132892.2185881676,111067.88621683736,183558.8956013059,133099.12505365294,214090.47297709816,353464.1685232243,166719.6263525273,138624.19320703123,89279.66301029806,110262.42112037838,127195.82247549358,364778.4131662503
4/30/19,234393.31680047288,189414.71630771272,200880.01302309407,173237.85096235314,365019.24171972665,177812.11559328626,158153.21241164533,201947.17374720765,134371.6360692595,113004.97205956512,184363.36493091052,134968.5958563041,215489.90389753293,352589.66479468276,167526.0181648958,138745.06550828987,89593.53734701111,110158.6582256194,128118.70179275684,366932.9092141385
5/31/19,235231.6856909881,190629.14309043076,202446.32043035224,173179.21489825018,368806.8157732333,178745.85579239592,158898.19663225947,206087.0598352499,135270.90127536852,115240.8138141866,185901.58515813833,136385.81643580433,218215.03765391803,353473.9928102227,168880.9353737268,138669.28965803317,90178.63004543766,110768.86675038458,128789.00724959972,368801.04853107635
6/30/19,235968.75137799373,191738.79099258428,203647.41619735735,173602.97494018724,372117.42568978755,179244.5476877049,160055.09257243143,210588.65888682436,135948.07196449317,117217.32331724717,187430.51426607044,136811.18841529658,220918.36765930455,356326.09578894003,169972.17236123397,138456.2445152802,90379.88404594548,111884.71888848534,129634.68394977492,369707.0015427749
7/31/19,236649.0254616528,192626.5183324622,204519.8808869909,174267.61204091343,375136.3955824504,179822.74643597336,161493.1926409429,213259.0827427618,136378.09562142985,118730.86222173594,189368.10716072423,136663.8074136475,222621.87783246845,359898.3828746863,170890.09711220037,138096.60007643484,90253.38691935928,112924.48412465688,130310.23342877376,371339.2971676381
8/31/19,237388.03461260023,193313.15743351832,205330.52762093255,174701.89423975293,377838.4989119591,180319.0142475575,162951.21746863413,214078.79608276137,136592.81530715092,119701.49046109612,191220.70728477623,136218.23967871143,223109.5416153051,362655.0147507424,171416.56907157242,137613.0632794227,90132.70843762477,113542.13647542264,130568.51709797353,374059.6842484611
9/30/19,238036.5640165273,193871.6377386587,206152.21004740332,174864.40873871648,379640.9518872677,180543.9033280911,163922.75414326318,213990.0440101735,136435.94310354773,120411.7128081171,193254.7467439435,135729.40473738126,222961.5654045005,364262.1765918538,170902.42165823767,136785.5294480368,90119.23014597736,113831.77399505844,130343.09616436112,377760.20444218535
10/31/19,238924.30187588112,194565.74208348597,207064.47498549407,175113.52813879983,381150.5446534797,180777.4600406889,164351.27157922907,214094.42085631145,136165.8694497155,121422.3159592012,195043.36327481375,135660.64752963054,223819.6526062287,365168.8077276436,170785.89255974602,135909.36456838288,90820.37295401726,114267.35152129173,130079.4058170438,382149.6857437063
11/30/19,240112.42649942907,195620.37983949456,208191.69755256944,175997.2074,383014.965,181330.13746088825,165067.98057693502,215641.1695519206,136221.63590066342,122549.58577307868,197472.67496171172,136273.48438479926,225197.11561856608,365888.4750273086,170532.0844707118,135987.70744002366,91764.97443619528,114824.58102283208,130113.51967974876,386565.8163878848
12/31/19,241496.2294306492,197018.93265263728,209583.71147888876,177399.8972329084,385531.5518154781,182600.7464,166357.80231585345,218291.3308,137022.32090829255,123714.86437612696,200182.79353681052,137287.7674,225871.92413828225,366888.9560732045,171279.37584001618,136679.3181886405,92880.05406127084,115494.33824065188,130668.64858598604,391746.7643656859
1/31/20,242987.71072532676,198441.1357328111,211110.30537184584,178977.15421040333,388099.02425289294,183234.0224078955,167532.36922188426,219165.10595711507,138362.84494396514,124256.82162825952,202223.7016946098,138001.70368330064,224913.35887218232,368106.0422078005,172111.31899759348,137597.62096506078,93660.77772,115236.73532876706,131811.8599364178,397086.1451340404
2/29/20,244447.70294977576,199575.18304335067,212499.6513593977,180045.9110347914,390247.4955195939,183339.50261296553,167893.5889156565,219470.93747343624,139841.6216731212,124005.27513874376,203039.22843108335,138106.8549221369,223055.14071182316,368285.7803986965,172888.93479004138,138955.50598887657,94211.61574123596,114580.45772649792,132988.2433422039,402316.2025
3/31/20,245980.6208943229,200741.0274685571,214086.84151975985,180925.58461935716,392764.7905861209,182839.53868482503,168309.43149496926,218069.41745691712,141306.73291953735,123567.1026,203757.0602,138193.26393667306,222175.3924003954,368994.7746902001,173886.28373172437,140462.07095272772,94675.94207890196,113888.77947985346,134020.75207813946,406713.5610491221
4/30/20,247320.2257342642,201976.47360836808,215704.87177758932,181555.03558751373,395284.8462715728,182598.3511,169582.36428269444,217972.66373861916,142919.65147495616,124068.80997674487,205176.59515374235,138818.93845159622,222685.99764401492,371429.21403085714,175363.18199423354,142107.94357394884,95135.64691365912,113985.3983,134769.72386205845,410433.3119123508
5/31/20,248089.20732225283,203104.3062588343,217139.8901786829,182195.44990873625,397407.4238514747,182452.2147,170896.77233910933,217613.37097704073,144192.30642923224,125601.66611656686,206584.9157645127,139598.19930735658,224721.07475496575,374801.9011575794,177007.22129576738,142613.62379137878,95727.84556,114643.54179377848,135260.56599237924,413202.2163890404
6/30/20,248543.72960411047,204219.69376557088,218521.3522942321,182889.00339798405,399100.0040788811,182111.20201492196,171601.2827349709,218036.8425510396,144947.81092042147,127172.34380421368,207504.64315947893,140440.20707188107,228295.48713489345,378283.6593007925,177760.87109574224,142965.77194410592,96433.94563,115552.8879145274,135928.13535541747,416849.4851345523
7/31/20,249283.85433881995,205723.17189516893,220228.4090319163,184181.4966313273,401369.34786039125,182562.51220263937,172552.2996525185,219017.76445235335,145361.05702561428,128525.84539448198,208864.4468205697,141634.79877051382,233317.23375823404,381621.1409500863,178134.38084310223,143486.42980401672,97072.78763,117021.86059568284,136574.34770425005,420202.26337341894
8/31/20,250989.49348147164,207860.89371743705,222648.51688759855,185905.92630968327,404974.50633351714,183683.33781886255,174366.5347178482,220149.85724276488,145873.5739866508,129601.20168082864,210564.1765054448,143006.8118235636,239302.23659966045,386872.3291333069,179115.58212318714,144183.11173761718,97951.56732237244,118877.66086098248,137651.17711880678,424751.3450314354
9/30/20,253869.3464318191,210704.29960785297,225776.01299569663,188143.69645302117,409851.7477726986,185596.2408335003,177325.31001942698,222960.24703570103,147174.91886705012,131296.85554222693,213299.3683271146,145101.45342910243,245110.0774,393922.0671677995,180887.15675557964,145444.36829958335,99235.37469701072,121511.46880368014,138661.84789543675,429171.9956104637
10/31/20,257350.45885431103,213805.15837246017,229321.5018166857,190520.63208411197,415837.7180039917,186467.14640674953,180366.92851686513,225056.62223913032,148350.02996530765,132804.09371863084,216313.07301034647,147110.2323,250676.46647000575,401326.30531886074,182929.34104479247,147306.7115,100672.41522934347,124164.94043081912,139597.3266,434946.76072258013
11/30/20,261263.12924892025,216843.06195984347,232728.67113192103,193171.0765115648,422292.1357523109,186841.1614,182346.18180903836,227607.0839813985,149705.9605411398,134287.04112046145,219983.15954327665,148078.5175291834,255054.2464,408004.8008689744,184072.22040955749,149675.71109012538,102032.03596664476,126204.84621086367,139464.08070267647,441987.5304841937
12/31/20,265061.42234729946,219600.56510859556,235874.41399955968,195694.1420259222,429144.4714688762,186723.63555431264,183366.52877140685,228624.6268449815,151079.81489873212,135319.9407322892,223069.10893541653,147436.2261757946,258428.93879997707,413709.5972428234,185577.04506793336,151630.2247251177,103255.97025850856,127132.85357446008,138304.83378539924,450188.5286266217
1/31/21,268732.60958552884,222296.4857,239017.1891901481,198043.32578206636,435522.8728442059,187104.76580619463,183301.3489144816,229355.55099240845,152710.95035078886,136498.29894897572,225067.76931289013,145965.68734181006,259618.55280268067,418065.7880904328,187838.00127407085,153997.12486705312,104574.51483617348,127635.61235473352,137335.37627709215,457626.4387334422
2/28/21,272497.83152093965,225447.4381446614,242767.3690022305,200316.4635016137,442853.2770157167,187925.48793494652,183920.1267202679,229465.41142026347,154658.51610475176,137994.35934776886,226308.68239966477,145061.53951060984,260704.72541878957,422972.09668369946,190764.4384122215,157082.5737912321,106124.25726993376,128495.14538595708,136896.50240232755,464005.0487671588
3/31/21,276416.67648584215,228835.0825304516,246955.8915363917,202655.5432105757,450126.52863136126,188974.9377942273,184920.66896441372,227880.8226560366,156802.92357877956,139123.5665501312,227413.0672767079,144766.2936964334,262438.8189,427310.3475775137,193251.3463202788,160541.00546278452,107461.13647984005,129108.57299821098,136748.63588550463,468745.21244839486
4/30/21,280673.4362607588,232392.93125403873,251385.1926,205066.14732601008,458053.93548059714,190043.5689121815,186216.3147944432,225215.5103492745,159429.0480269925,140258.12472768335,229358.4450358973,144741.15183032793,266385.9121017198,431980.5664262565,194882.5608023041,162952.3873478421,108765.56539577612,129728.16734854109,136371.8124,473440.9616642482
5/31/21,285356.75070319505,235913.8683897121,255714.93320261128,207604.03826827276,465255.32829620485,190591.07728617536,187802.53978624535,221911.71375630985,162106.95177586618,141494.25938457323,232030.63807027985,145030.61181404116,271960.4479055871,436435.4882352977,196656.33454327725,164501.03181925375,109895.9260252011,130974.81516463916,136515.40706983427,477915.64337434527
6/30/21,290380.5636659091,239479.63475579533,259941.16250262855,210536.5685539242,470955.8028467324,191110.46087554895,189661.81690459643,219889.2606293722,164433.28534291245,143643.22583698112,234296.2602208778,145629.43250517594,277991.8197606609,441568.4404364743,198574.01009787316,165430.7912,110924.22151984608,132883.46181349165,137044.29494945312,482445.87200298376
7/31/21,294845.5719941086,242618.5071821911,263477.1025332136,213755.4180210324,475088.97350625467,191924.82361132384,191636.05751323857,217997.3406,166515.5089298125,145553.23065766366,234446.1345487495,145783.28877656293,282862.27850696864,448662.7227315148,200995.7566241927,166267.7891283113,112151.957,134207.38514583767,136856.2157498753,485023.4412493731
8/31/21,297956.54088934604,245060.6974327901,266158.3812064195,216883.4720097992,478033.97014744184,193219.2815365265,193264.25734506547,215053.7634241022,168675.53208233937,146985.58405372282,232017.1367405229,145229.21788829126,285055.6908273838,456988.5203355358,204579.68652128035,167278.7419048791,113476.51622107862,134368.42750950178,136058.76607738296,486128.3816971364
9/30/21,299777.865,246590.9201351961,267883.86626752134,219249.20844275696,480926.5992069291,194986.04272173415,193645.6399309817,211224.36221312376,170672.05829301005,147559.2868,228324.19860923415,143855.97329928892,284363.0077310828,464208.02088820114,207470.38570188297,168141.4839,115000.84412270902,133811.03128369225,135204.89613954772,486011.57336042495
10/31/21,301571.4596,247914.82512191057,269431.6364911005,221269.9771922365,484361.9583706027,197015.38911389335,193895.6049607795,208156.0932474763,172108.5318572464,148387.37151488345,225762.07713253412,142986.76525147527,284411.863,470718.12476212834,209896.6569962088,168828.85542175264,116790.50098363344,133539.69599709837,135315.19213283077,487082.61063043674
11/30/21,304083.30509607465,249669.45041188924,271508.0984871134,223515.4479430737,488267.78170376114,199045.99735429595,194237.13001601875,207260.99868010895,173553.83191559222,149250.81860880074,225402.34217515905,142879.54866698754,285732.21551896055,473224.7265445092,211666.72269371417,169273.39740926036,119062.31972626684,134140.6695007217,135815.7303,488715.47252974863
12/31/21,307227.30224486475,251954.20277109052,274136.8679178865,226408.6217576665,492277.1085009892,200717.31392834333,195357.8104008755,206767.57220401373,175029.41253270663,149806.1470732745,226119.26544455177,143452.76922847296,288196.09537126904,474640.8940243395,213377.46121425912,169352.0327594989,121246.4438603246,135138.30075033405,135935.8128,490405.62880264845
1/31/22,311643.7334680297,255279.1312926396,278153.56494697306,230228.0362431823,496938.5658044025,202473.02670772452,195638.20131159073,205886.8580349308,177501.08491651947,150500.93180874104,225767.22520663156,144374.1764748432,288868.1252934256,473217.2615885204,213944.28862344788,170536.22523905968,123427.34569047332,136868.55362417322,136596.37065420614,493337.3828684062
2/28/22,316970.1911070247,259628.06088919975,283702.7853,234566.82441250564,503476.07703635865,204327.1491852613,195835.0558710892,204230.9902986414,180706.32038556636,150996.8946547126,224416.62684960113,145557.24734147548,289228.12157699576,471773.5252816612,213624.00139968144,173360.83894775074,125128.89283400594,138224.80733447548,137620.07641060674,499455.5189510003
3/31/22,323236.5067002443,264911.5480584573,290385.1442794642,239684.03180716236,513158.06861597736,206713.0246956474,195476.67473003463,202691.3930416082,184929.1087797352,151996.77175267294,222823.57508227375,147287.85,290341.16375465295,472664.1356813692,214761.04863154015,178181.6401652881,127106.23927565417,139975.56358697254,139253.85944335329,508000.8657391952
4/30/22,329446.8731414808,269978.4723428246,296715.6241954519,244397.35985223777,523225.5512881077,208938.78134703412,196207.7107411324,201439.93751377743,189057.41117698667,152571.18411287697,222338.59097245857,149073.72223978024,292408.2771080388,478991.1604,217157.50092910547,182529.3148314101,128797.10145850875,141453.06940593984,140248.06791351887,515422.6474871294
5/31/22,334968.85125476104,274082.52888636343,301648.16630759765,248279.4672255274,532583.5389486632,211081.29774637043,196914.8045034076,199892.67189860737,192562.12097350127,152900.41204102986,222365.8760375497,150990.4640706412,294962.87425538147,488934.0049540163,220344.97466733507,185355.87732401217,129920.69161450556,142899.8809119557,140629.7449464806,521129.3206
6/30/22,339562.8053996105,277539.1782215284,305701.9637503984,251447.95868386372,539491.3684573107,213406.2075,198278.95246297703,197860.3891186677,195325.39112165617,153161.69013339732,223030.84038578477,152703.9851381494,298297.94821076654,499804.51879318384,222192.80013522028,186310.61169524133,130334.1387263236,144705.5358,141200.80377041103,525564.8427036459
7/31/22,341968.97881670477,279730.81893131224,308126.7675458071,253622.2149969068,542906.3365,215803.5605237973,199191.27934260396,196504.55352574785,197733.08452595296,153369.2401231027,224130.3122607766,154227.58962362498,300409.61304314126,505503.9873840503,221269.46149658723,186970.64076322017,129735.2851104377,145964.00008129713,141711.98973858074,528132.4470856067
8/31/22,342324.6175583079,280505.3822795939,308856.32992373477,255020.84800724944,541586.4953555509,217300.6994634999,199136.76560734503,194892.74152971795,199294.3937477972,153038.21606055085,223836.9704287177,155172.77082994793,299426.9189942088,507953.1958104691,218310.02039123187,186964.90378885184,128353.87770248362,146751.66364536068,141915.6098924577,527406.7986969663
9/30/22,341053.8770387584,279850.1494838129,307938.5268730376,255384.82309694553,536977.6293085492,217837.00727854413,198358.86529267757,193308.95322230284,199981.39761012857,151847.62902265342,222671.3018933602,155513.42695777465,295219.8305328847,503555.9539,214738.49461620985,187112.92089213312,126755.72299254769,146275.0801646878,141538.17989061106,525724.1678181445
10/31/22,339814.0864381679,279106.12696612795,306926.8625919178,255704.22249229776,532765.7111926539,218090.67205816787,197265.23173734505,190912.19155123355,200094.95656596753,150405.44819307266,220553.99619098936,155680.3538747752,290952.6929287594,499146.6558030143,212242.84444787973,187236.90504419172,125459.35121935746,145535.85018252512,141125.4968743523,525427.0464215549
11/30/22,338763.2223638862,278598.4707921928,306210.41716664186,256210.77769924153,529316.2986,218728.8090215612,196226.07155204195,188567.67990094263,200003.64198664288,149528.30329753054,218470.83500620376,155695.13458729998,288205.9020213643,493468.0406005096,209881.9785456188,187646.38498473132,124966.12783274776,144705.81849792268,140735.94315282066,525839.0098
12/31/22,337808.615,278504.0825256037,305850.49035226204,257040.18008930204,527530.1423798045,219362.7541837732,195248.90501275496,187176.5011936804,200548.58574891413,149941.96048225733,215870.9152838881,156125.09517204532,287078.26412319386,491172.3037007735,207968.8776982246,188637.20843581905,125381.16631714437,144585.54298342697,140180.98201147348,524800.3812415669
1/31/23,336622.47722881933,278364.7504692905,305354.0103,258181.37195472096,525981.1033847174,219339.0641054789,195288.67522229275,187568.68481998597,200841.31498073065,149977.48532503523,211955.95831275752,156220.71267713915,285811.0120040762,490209.9159,208215.37931000267,189316.5942818104,126347.3719634536,145180.20244703948,139208.61046666774,522525.136
2/28/23,335811.96740979544,278572.71958462434,305384.90304362477,259984.1121,525945.8638665017,219660.78134997212,194227.63142966377,187516.22610951625,201420.52428318528,149685.98501086942,207790.3745041055,155190.39065736593,284487.45109527075,489820.9005948571,206747.97279008772,190308.3909644679,127472.92508670496,144211.3366,138144.4147782017,521324.6289303797
3/31/23,335853.4769544876,279284.5901129363,306053.8702634701,262052.94329095815,526689.6971701911,220376.7960431121,193843.59002910857,187596.82453593911,201725.1572390323,148490.9456669509,205527.6500960493,154471.38975424174,283984.8944736282,493749.02028225287,206162.06898353295,191727.5852,127976.18397638522,143330.12995534085,137931.16161081145,522925.0219095315
4/30/23,336900.6567767383,280890.0817104261,307776.87938540993,264673.3742538781,529590.2855610242,221818.4656130281,194348.7668775148,185763.6359956205,202919.8213850973,148266.82708775462,206003.22986786976,154683.98112453133,285517.8250761893,502684.8156092248,206893.67146761427,193623.95862725217,128466.99623450312,141982.07444722927,139153.51521823122,526697.6818183895
5/31/23,338587.9766842063,282937.3466,310090.17934171384,267322.2843361302,533588.3390088911,223294.63582344507,196853.98937424613,184473.2139454794,204462.7458100759,147674.96124790772,207545.14232548993,156314.48641778217,287454.8314886125,512831.0740925114,209335.48343416816,195440.1890984781,129125.86607340396,140904.5712,140742.03730175996,531546.2078896478
6/30/23,340548.9910159866,284870.7653056725,312512.1762199079,270181.2809512954,538448.8710533245,224415.86078105317,198606.2419570069,182398.9197784256,206394.52144271624,146154.9524441274,208277.0592036598,157237.27116878625,289404.30755616905,516025.2847850171,209997.4513212084,195923.3906656355,129606.55745660912,138549.59899248308,141609.89834893774,536556.2740645076
7/31/23,342296.84995325585,286465.4066632987,314966.2551518557,272278.3637837179,541993.8624929097,225289.40030090135,198840.63988404893,180147.3238647693,207818.43073434377,143567.58461297784,208996.07404659537,156911.7974305829,290954.5093447942,509540.7996155596,208759.8740622406,195368.34819506528,129602.21563299323,136407.7176843836,141703.03565722602,541765.9872008694
8/31/23,343883.95003818354,287980.77811922244,317351.22229899827,273941.50904879253,544507.0205987878,225744.66194900824,198759.58076467912,178209.08142581047,209029.51583573528,141380.4997955053,210270.92188188268,155962.55975621895,293190.3389671797,499225.7193477285,208320.44188156724,193426.60966451457,129075.1519576076,135300.06848124045,141745.1928364789,545642.4681538463
9/30/23,345056.62308081234,289296.9647582048,319506.9128211962,274911.6858436071,545293.6529423125,226353.1457071913,198841.68812491663,175796.84109216827,210060.47115056743,139818.56350470966,210920.1259,154404.26576504073,295090.4909299206,488809.5185374555,208826.97848818253,191564.9897340799,128813.57870443752,134533.90753366516,142206.55793314637,548302.1805495488
10/31/23,345933.4190996458,290433.85558739875,321228.21466581564,275693.9616105703,545945.9736,227320.9515139381,198816.4343098509,173640.69936379718,211442.45234293115,138461.8096078889,210249.76667811937,152672.9871204472,296966.61718002096,479882.46528248466,208644.21748541188,189505.1965205653,129068.36832817986,133540.49581835544,142236.3098352855,551419.5636681155
11/30/23,346568.86971023004,291301.78913640976,322564.2514666128,276026.12300563994,546446.3846684532,228588.3381818258,198546.65804957808,172045.3044982979,212241.91334717485,137483.5553,209011.65286131497,150794.04394105787,298381.1088849203,472291.48769599845,208351.6208734677,188583.3600731485,129906.49029729929,133561.81803090475,142067.93271387767,555856.8655441669
12/31/23,347033.57631563937,291861.8668785247,323646.02293612465,275529.5874171802,546774.7416955313,229885.4253,198060.76609408107,170974.9512380059,212505.8079192704,136778.09419818054,208183.53290679227,149207.33119967117,298811.93107970175,466165.0326616706,207871.75965547308,187427.1190423783,130705.29882166816,134493.79968224384,141400.0846846135,561539.6785483547
1/31/24,347478.11666164565,292377.2543061259,324724.05942994833,274798.4287902803,546306.7080288759,230751.11047235213,198234.65591237403,170709.9117107518,211888.98641795453,136075.01080707271,207362.0263435702,148410.0292333178,299203.4616605574,463067.32624195353,207654.7619,186917.33521045736,130974.24714207136,135836.74472065992,141243.75598000555,566362.6827479148
2/29/24,348296.6663725088,292984.2795268688,325800.08080828394,274269.08303059463,545816.8888532784,231634.7899641308,199227.2932731608,171152.01023319995,211406.83744407867,135928.7799813505,206908.7539094811,148638.4442648757,299955.9967998992,462613.4560990237,208212.2748846281,187066.02348761327,130987.5816,137501.15888574175,141686.2739132325,571242.3114470271
3/31/24,349844.9037,294492.0750409754,327517.2483625116,275185.5631633123,547650.3468263169,232955.57587014613,200731.43715912165,172175.88867963574,211731.51487316465,137154.6082705829,207349.2259928073,149961.81827153603,302246.6919568506,463884.9246510072,210653.81215933387,188540.7275357067,131460.94153620236,138931.65390714593,143176.76444524035,576470.3349761205
4/30/24,351747.3759223705,296258.9940145652,329321.2026888512,276597.45614214236,551197.9761886102,234345.9049,202517.1817805943,172977.34381344495,212697.80190804243,139619.0624934961,208774.80096323873,151069.1478301046,304342.5226008804,466168.6973753102,213526.78200078337,190469.41899950383,132484.6009804906,140726.49511532125,144289.13968356865,580852.9916936292
5/31/24,353238.0167228093,297711.17454985133,330626.6454159263,277894.94519647775,554622.2759990767,235405.10365472376,203695.46345573943,172738.53698198593,214243.816,141789.43988385153,210160.81696379007,152006.79559264545,304759.2196863241,467857.0859,216288.5637006776,192171.54048021865,133595.39065133326,141553.28864496978,144562.62155505762,584218.3043152188
6/30/24,353881.8905006251,298179.6385419448,330849.6830467403,278263.89467478084,555386.7795887125,235797.2120624977,204648.12953363537,171591.73014095027,215461.74990313195,142931.40362649073,210730.13485129943,151669.4583175052,303131.5758213957,468943.39233299304,217804.00315259397,193179.25165931715,133634.89669808742,142740.78214233488,143134.70239288473,585263.2485308914
7/31/24,354094.6122746046,298336.2702419372,330813.62049529253,278308.75172636664,554527.3855286217,236384.75020621173,204664.0556673815,170367.8632520544,216844.2268745587,143217.11684673873,211096.33847405296,151185.45666337747,301255.68440307496,467074.0952967969,219693.36500621273,194064.42842059684,133166.54966144238,143580.04422253356,141737.46211129092,586849.6824529123
8/31/24,354379.0369462161,298663.04407075857,331091.5979998917,278597.22938934696,553797.3640170716,237646.72797229045,203501.88384899552,168920.54082222897,218641.77997920616,143690.51831594686,210913.28130684097,150296.36979468164,299733.8375093022,463775.08266997343,220190.0182960799,194281.70616761257,132605.17421671978,143934.48500507147,140967.58358632663,588648.5457888682
9/30/24,354865.9298023687,299432.71957593836,332032.09303165047,279358.03359385976,554315.7377916559,239154.47682074152,202247.57461652535,168076.87767794324,220701.31827325877,143925.03234423563,210841.81463059256,149540.78047535324,299882.1363872243,461046.9620251488,220408.10077089144,193184.2749563873,132452.5341825589,143006.83234831682,141104.56848216808,592380.6998710172
10/31/24,355507.8458479471,300350.22142871347,333077.0714778965,280140.31440080976,555520.0473579258,240725.33958518747,201536.72070254976,167796.9365076526,223134.08706212204,144362.97721494245,211444.5015477886,149973.79186918674,301246.18420611875,457721.0202025435,220112.54619201887,191112.7235,132744.9739008782,141919.74391003148,141321.13005732512,596515.9540587877
11/30/24,356080.64762983005,301206.0463850506,334114.0204791112,280461.73289865156,556356.1010249448,242120.13165440015,202751.10514062745,168198.09673053696,225163.21581644204,144512.68027451847,213116.85344981393,150520.49010382072,304933.4749146344,452914.2355,220671.11085675535,188490.85543347476,133203.61803232352,141321.79857400878,141835.64259491116,601136.9349183963
12/31/24,356876.8582644633,302272.9288617998,335285.5541642527,280593.7425757227,557033.2600702429,244263.8739,204311.53443261285,168863.2118258867,227407.4891156658,145039.94618323422,215368.26860503491,151576.60594447865,309572.3833837297,446923.1766304773,221208.5737228004,186702.91910518537,134738.09558859354,141504.24531540924,143012.5501828478,605566.5578089686
1/31/25,357561.1635620759,303355.7600521129,336608.3784290158,280665.3047282749,556966.7487690147,245839.49299783827,205681.75462251905,169872.30944903893,228951.92920819655,145550.5719787833,217237.8251998479,152064.3260565656,314319.37228477007,443084.7730399555,221525.50051107685,185096.5445192085,135913.92539219483,142325.74874765746,144038.59427060714,609000.1799579895
2/28/25,358055.9578127863,304371.19719404686,337760.7156864232,280638.95873108454,556736.9777954494,246516.39125356148,207001.7733882435,171179.9180932867,230487.0550071305,145845.9907,218276.909,152125.88634185048,318272.2781788578,442967.66375334933,222001.42851943403,183749.52699416052,137372.08085766633,143255.50273618786,144488.78260269883,611157.474